Name,Price
COCINA PROGAS MOD PM-400 4HORN SENCILLA 30x30 SIN HORNO,Gs. 0
Cocina Dallas 5 hornallas,"Gs. 1,357,000"
COCINA VOLCAN MOD 85852P ACERO INOXIDABLE,"Gs. 4,307,500"
COCINA INDUSTRIAL PROGAS 6H MOD PMS-600N C/OPCIÃN DE HORNO FSI-680,Gs. 0
COCINA AMERICANA VENANCIO A GAS MOD FA6F 6QUEMADORES ESTRELLA/HORNO,Gs. 0
Cocina Combinada  Euro 4H,"Gs. 1,233,500"
Cocina Eléctrica 2H,"Gs. 260,000"
Cocina a gas Euro 4 hornallas,"Gs. 1,572,500"
COCINA A GAS TOKYO IND. U HORNALLAS JZH-RQ-4,Gs. 0
COCINA WHIRLPOOL WFS5NARUUW 5H INOX,"Gs. 3,682,000"
Cocina Combinada Essencial 3H,"Gs. 1,581,500"
Cocina a Gas Dallas color blanco,"Gs. 632,000"
COCINA A GAS TOKYO DALLAS NEGRO 4H MESA INOX TAPA DE VIDRIO HORNO LIMPIA FACIL,"Gs. 597,000"
Cocina Petit de 4 hornallas,"Gs. 587,000"
COCINA PROGAS MOD PMS-600NFCH 6HORN C/PLANCHA Y CON OPCION DE HORNO,Gs. 0
COCINA AMERICANA VENANCIO A GAS MOD FA4F 4HORNALLAS,Gs. 0
Cocina Eléctrica  1Placa,"Gs. 165,500"
COCINA AMERICANA VENANCIO A GAS MOD FA6P 6HORNALLAS,Gs. 0
COCINA WHIRLPOOL WFD5NARRUW 5H INOX DOBLE HORNO,"Gs. 5,522,500"
COCINA PROGAS MOD PMS-400 4H 30*30CM SIN HORNO,Gs. 0
COCINA A GAS TOKYO DALLAS BLANCO 4H MESA INOX TAPA DE VIDRIO HORNO LIMPIA FACIL,"Gs. 597,000"
COCINA BRAVO 4HORN. VENANCIO MOD BR4BF C/HORNO,Gs. 0
COCINA VENANCIO 1 HORNALLA DE 40X40 CM QUEM DOBLE,Gs. 0
COCINA BRAVO 6HORNALLAS VENANCIO MOD BR6BF C/HORNO,Gs. 0
COCINA MAXI 2HORNALLAS VENANCIO MOD M2PD2,Gs. 0
COCINA PROGAS 2HORNALLAS MOD PM-200,Gs. 0
COCINA AMERICANA VENANCIO A GAS MOD FA4P 4HORNALLAS,Gs. 0
Cocina a Gas Bravo de 4 hornallas,"Gs. 1,050,500"
COCINA MAXI 6HORNALLAS VENANCIO MOD M6D,Gs. 0
G986 COCINA PROGAS 3HORNALLAS 40*40 DOBLE QUEMADOR C/ OPCION DE HORNO PMD-300NF,Gs. 0
ROBOT DE COCINA MOULINEX MOD. HF800A13 1550W,"Gs. 6,552,500"
Campana de Cocina ,"Gs. 1,879,000"
Campana de Cocina Inox Sita 4H,"Gs. 1,371,000"
Balanza de Cocina 5 kg,"Gs. 65,000"
"Balanza de cocina 1,7 kg","Gs. 177,500"
PURIFICADOR DE COCINA TOKYO SLIM 80CM BLANCO 220V 50HZ,"Gs. 661,500"
ENCENDEDOR DE CARBON TOKYO PARA COCINA DE USO DOMESTICO,"Gs. 94,500"
ACCESORIO TURBO CHEF PANTALLA DE COCINA MED 35.6CMx35.6CM MOD 100019,Gs. 0
HORNO PROGAS MOD FSI-500N PARA COCINAS-A GAS PMS200/PMSD201/PM400,Gs. 0
PLACA INFRARROJA TOKYO MOD TOKINFRA19 MAS OLLA 2000W 220V 50HZ,"Gs. 249,000"
SARTEN IMUSA AD 24CM TV I+R MOD 0127300,"Gs. 178,500"
Anafe a Inducción Odalisa 2H,"Gs. 1,711,000"
SARTEN IMUSA AD 18CM TV TALENT MOD 0380500,"Gs. 72,000"
SARTEN IMUSA AT 26CM TV TALENT MOD 0381100,"Gs. 116,000"
ANAFE ARISTON ELECTRICO HR611CA 4HOR VITROCERAMICO TOUCH,"Gs. 3,499,000"
SARTEN IMUSA AD 20CM TALENT MASTER MOD 0374100,"Gs. 75,000"
SARTEN IMUSA AD 20CM TV I+R MOD 0127100,"Gs. 149,000"
PURIFICADOR WHIRLPOOL ENP80BC 80CM INOX,"Gs. 981,500"
SARTEN IMUSA 24CM TALENT MOD 0381400,"Gs. 82,000"
JUEGO DE OLLAS IMUSA 7 PIEZAS A/A TV TALENT MASTER,"Gs. 561,500"
OLLA IMUSA CALDERO AF 26CM YV ORIG N7 MOD 8043500,"Gs. 224,500"
Placa Infrarroja 1H,"Gs. 199,500"
ANAFE ELECTRICO COMBINADA TOKYO 3H 2 VITROCERAMICA 1 INDUCCION MD TOK2V1I,"Gs. 1,344,000"
PLACA A INDUCCION TOKYO + OLLA-TOK19CB TOUCH CON TIMER 2200W 220V 50HZ,"Gs. 283,500"
SARTEN IMUSA 20CM TV TALENT MASTER MOD 0374600,"Gs. 115,000"
SARTEN IMUSA AD 24CM TALENT MOD 0380800,"Gs. 72,000"
Anafe Musa,"Gs. 2,655,000"
Placa Infrarroja Della,"Gs. 373,000"
SARTEN IMUSA AD 24CM TALENT MASTER MOD 0375200,"Gs. 127,000"
ANAFE VITROCERAMICA TOKYO MOD ODALISA 2HORN,"Gs. 1,059,500"
Anafe a Inducción Monalisa 4H,"Gs. 3,176,500"
ANAFE ELECTRICO COMBINADA TOKYO 4 H 2 VITROCERAMICA 2 INDUCCION MD TOK2V2I,"Gs. 1,771,000"
Anafe a Gas COOK 5H,"Gs. 1,062,500"
OLLA IMUSA AD 24CM 4.6L TV TALENT MOD 0382000,"Gs. 151,500"
ANAFE ELECTRICO TOKYO 4 HORNALLAS VITROCERAMICA MOD TOK4HVC,"Gs. 1,475,500"
SARTEN IMUSA AD 30CM TV TALENT MASTER MOD 0374900,"Gs. 196,000"
ANAFE WHIRLPOOL INDUCCION ACM806BA 4HOR VITROCERAMICO TOUCH,"Gs. 4,803,500"
OLLA A PRESION CLOCK 6LTS INOX MOD 0365 PARA INDUCCION,"Gs. 373,000"
BANO MARIA SUNNEX DOBLE ELECTRICO 4LTS C/U 220V,"Gs. 711,000"
OLLA IMUSA 24CM TV TALENT HC MOD 0382400,"Gs. 189,000"
SARTEN IMUSA AD 30CM TV I+R MOD-0127400,"Gs. 212,500"
Placa Infrarroja Dot ,"Gs. 212,500"
ANAFE WHIRLPOOL ELECTRICO AKM9010NE 4HORN VITROCERAMICO C/ PERILLAS,"Gs. 3,528,500"
OLLA IMUSA AD 24CM TV I+R MOD 127800,"Gs. 188,000"
SARTEN IMUSA AD 20CM TV TALENT MOD 0380700,"Gs. 75,500"
BAÃO MARIA MODULAR A GAS LINEA MAXI C/BASE,Gs. 0
COZEDOR DE PASTAS VENANCIO MOD CMV30 GABINETE 30LTS INOX,Gs. 0
SARTEN IMUSA AT 30CM TALENT MOD 0381200,"Gs. 109,500"
PURIFICADOR ESLABON DE LUJO MOD EAP80BW-80CM BLANCO,"Gs. 714,500"
PEROL IMUSA 10CM 0.5L TALENT HC MOD 0382500,"Gs. 35,500"
SARTEN IMUSA AD 30CM TALENT MASTER MOD 0374400,"Gs. 155,000"
PLACA A INDUCCION TOKYO + OLLA MOD TOK150I BORDE DE PLASTICO SIN TIMER 2200W,"Gs. 201,000"
Cocina Vitro 4H,"Gs. 3,800,000"
OLLA IMUSA AD 24CM 4.6L TV TALENT MASTER MOD 0375100,"Gs. 171,000"
OLLA IMUSA AD 20CM TV I+R MOD 0127600,"Gs. 168,000"
Placa Infrarroja 2H,"Gs. 348,500"
ANAFE WHIRLPOOL ELECTRICO AKT8090LX 4HOR VITROCERAMICO TOUCH,"Gs. 3,297,500"
CAMPANA WHIRLPOOL WPI91DE 90CM INOX VIDRIO RECTO,"Gs. 3,540,500"
GRILL IMUSA AD TALENT MOD 0383700,"Gs. 126,500"
SARTEN IMUSA AD 24CM TALENT MASTER MOD 0374200,"Gs. 93,000"
OLLA A PRESION IMUSA 6L SMART MOD 0305300,"Gs. 272,500"
OLLA IMUSA AD 20CM 3L TV TALENT MOD 381900,"Gs. 114,000"
COCINA PROGAS MOD PM-400 4HORN SENCILLA 30x30 SIN HORNO,Gs. 0
Cocina Dallas 5 hornallas,"Gs. 1,357,000"
COCINA VOLCAN MOD 85852P ACERO INOXIDABLE,"Gs. 4,307,500"
COCINA INDUSTRIAL PROGAS 6H MOD PMS-600N C/OPCIÃN DE HORNO FSI-680,Gs. 0
COCINA AMERICANA VENANCIO A GAS MOD FA6F 6QUEMADORES ESTRELLA/HORNO,Gs. 0
Cocina Combinada  Euro 4H,"Gs. 1,233,500"
Cocina Eléctrica 2H,"Gs. 260,000"
Cocina a gas Euro 4 hornallas,"Gs. 1,572,500"
COCINA A GAS TOKYO IND. U HORNALLAS JZH-RQ-4,Gs. 0
COCINA WHIRLPOOL WFS5NARUUW 5H INOX,"Gs. 3,682,000"
Cocina Combinada Essencial 3H,"Gs. 1,581,500"
Cocina a Gas Dallas color blanco,"Gs. 632,000"
COCINA A GAS TOKYO DALLAS NEGRO 4H MESA INOX TAPA DE VIDRIO HORNO LIMPIA FACIL,"Gs. 597,000"
Cocina Petit de 4 hornallas,"Gs. 587,000"
COCINA PROGAS MOD PMS-600NFCH 6HORN C/PLANCHA Y CON OPCION DE HORNO,Gs. 0
COCINA AMERICANA VENANCIO A GAS MOD FA4F 4HORNALLAS,Gs. 0
Cocina Eléctrica  1Placa,"Gs. 165,500"
COCINA AMERICANA VENANCIO A GAS MOD FA6P 6HORNALLAS,Gs. 0
COCINA WHIRLPOOL WFD5NARRUW 5H INOX DOBLE HORNO,"Gs. 5,522,500"
COCINA PROGAS MOD PMS-400 4H 30*30CM SIN HORNO,Gs. 0
COCINA A GAS TOKYO DALLAS BLANCO 4H MESA INOX TAPA DE VIDRIO HORNO LIMPIA FACIL,"Gs. 597,000"
COCINA BRAVO 4HORN. VENANCIO MOD BR4BF C/HORNO,Gs. 0
COCINA VENANCIO 1 HORNALLA DE 40X40 CM QUEM DOBLE,Gs. 0
COCINA BRAVO 6HORNALLAS VENANCIO MOD BR6BF C/HORNO,Gs. 0
COCINA MAXI 2HORNALLAS VENANCIO MOD M2PD2,Gs. 0
COCINA PROGAS 2HORNALLAS MOD PM-200,Gs. 0
COCINA AMERICANA VENANCIO A GAS MOD FA4P 4HORNALLAS,Gs. 0
Cocina a Gas Bravo de 4 hornallas,"Gs. 1,050,500"
COCINA MAXI 6HORNALLAS VENANCIO MOD M6D,Gs. 0
G986 COCINA PROGAS 3HORNALLAS 40*40 DOBLE QUEMADOR C/ OPCION DE HORNO PMD-300NF,Gs. 0
ROBOT DE COCINA MOULINEX MOD. HF800A13 1550W,"Gs. 6,552,500"
Campana de Cocina ,"Gs. 1,879,000"
Campana de Cocina Inox Sita 4H,"Gs. 1,371,000"
Balanza de Cocina 5 kg,"Gs. 65,000"
"Balanza de cocina 1,7 kg","Gs. 177,500"
PURIFICADOR DE COCINA TOKYO SLIM 80CM BLANCO 220V 50HZ,"Gs. 661,500"
ENCENDEDOR DE CARBON TOKYO PARA COCINA DE USO DOMESTICO,"Gs. 94,500"
ACCESORIO TURBO CHEF PANTALLA DE COCINA MED 35.6CMx35.6CM MOD 100019,Gs. 0
HORNO PROGAS MOD FSI-500N PARA COCINAS-A GAS PMS200/PMSD201/PM400,Gs. 0
PLACA INFRARROJA TOKYO MOD TOKINFRA19 MAS OLLA 2000W 220V 50HZ,"Gs. 249,000"
SARTEN IMUSA AD 24CM TV I+R MOD 0127300,"Gs. 178,500"
Anafe a Inducción Odalisa 2H,"Gs. 1,711,000"
SARTEN IMUSA AD 18CM TV TALENT MOD 0380500,"Gs. 72,000"
SARTEN IMUSA AT 26CM TV TALENT MOD 0381100,"Gs. 116,000"
ANAFE ARISTON ELECTRICO HR611CA 4HOR VITROCERAMICO TOUCH,"Gs. 3,499,000"
SARTEN IMUSA AD 20CM TALENT MASTER MOD 0374100,"Gs. 75,000"
SARTEN IMUSA AD 20CM TV I+R MOD 0127100,"Gs. 149,000"
PURIFICADOR WHIRLPOOL ENP80BC 80CM INOX,"Gs. 981,500"
SARTEN IMUSA 24CM TALENT MOD 0381400,"Gs. 82,000"
JUEGO DE OLLAS IMUSA 7 PIEZAS A/A TV TALENT MASTER,"Gs. 561,500"
OLLA IMUSA CALDERO AF 26CM YV ORIG N7 MOD 8043500,"Gs. 224,500"
Placa Infrarroja 1H,"Gs. 199,500"
ANAFE ELECTRICO COMBINADA TOKYO 3H 2 VITROCERAMICA 1 INDUCCION MD TOK2V1I,"Gs. 1,344,000"
PLACA A INDUCCION TOKYO + OLLA-TOK19CB TOUCH CON TIMER 2200W 220V 50HZ,"Gs. 283,500"
SARTEN IMUSA 20CM TV TALENT MASTER MOD 0374600,"Gs. 115,000"
SARTEN IMUSA AD 24CM TALENT MOD 0380800,"Gs. 72,000"
Anafe Musa,"Gs. 2,655,000"
Placa Infrarroja Della,"Gs. 373,000"
SARTEN IMUSA AD 24CM TALENT MASTER MOD 0375200,"Gs. 127,000"
ANAFE VITROCERAMICA TOKYO MOD ODALISA 2HORN,"Gs. 1,059,500"
Anafe a Inducción Monalisa 4H,"Gs. 3,176,500"
ANAFE ELECTRICO COMBINADA TOKYO 4 H 2 VITROCERAMICA 2 INDUCCION MD TOK2V2I,"Gs. 1,771,000"
Anafe a Gas COOK 5H,"Gs. 1,062,500"
OLLA IMUSA AD 24CM 4.6L TV TALENT MOD 0382000,"Gs. 151,500"
ANAFE ELECTRICO TOKYO 4 HORNALLAS VITROCERAMICA MOD TOK4HVC,"Gs. 1,475,500"
SARTEN IMUSA AD 30CM TV TALENT MASTER MOD 0374900,"Gs. 196,000"
ANAFE WHIRLPOOL INDUCCION ACM806BA 4HOR VITROCERAMICO TOUCH,"Gs. 4,803,500"
OLLA A PRESION CLOCK 6LTS INOX MOD 0365 PARA INDUCCION,"Gs. 373,000"
BANO MARIA SUNNEX DOBLE ELECTRICO 4LTS C/U 220V,"Gs. 711,000"
OLLA IMUSA 24CM TV TALENT HC MOD 0382400,"Gs. 189,000"
SARTEN IMUSA AD 30CM TV I+R MOD-0127400,"Gs. 212,500"
Placa Infrarroja Dot ,"Gs. 212,500"
ANAFE WHIRLPOOL ELECTRICO AKM9010NE 4HORN VITROCERAMICO C/ PERILLAS,"Gs. 3,528,500"
OLLA IMUSA AD 24CM TV I+R MOD 127800,"Gs. 188,000"
SARTEN IMUSA AD 20CM TV TALENT MOD 0380700,"Gs. 75,500"
BAÃO MARIA MODULAR A GAS LINEA MAXI C/BASE,Gs. 0
COZEDOR DE PASTAS VENANCIO MOD CMV30 GABINETE 30LTS INOX,Gs. 0
SARTEN IMUSA AT 30CM TALENT MOD 0381200,"Gs. 109,500"
PURIFICADOR ESLABON DE LUJO MOD EAP80BW-80CM BLANCO,"Gs. 714,500"
PEROL IMUSA 10CM 0.5L TALENT HC MOD 0382500,"Gs. 35,500"
SARTEN IMUSA AD 30CM TALENT MASTER MOD 0374400,"Gs. 155,000"
PLACA A INDUCCION TOKYO + OLLA MOD TOK150I BORDE DE PLASTICO SIN TIMER 2200W,"Gs. 201,000"
Cocina Vitro 4H,"Gs. 3,800,000"
OLLA IMUSA AD 24CM 4.6L TV TALENT MASTER MOD 0375100,"Gs. 171,000"
OLLA IMUSA AD 20CM TV I+R MOD 0127600,"Gs. 168,000"
Placa Infrarroja 2H,"Gs. 348,500"
ANAFE WHIRLPOOL ELECTRICO AKT8090LX 4HOR VITROCERAMICO TOUCH,"Gs. 3,297,500"
CAMPANA WHIRLPOOL WPI91DE 90CM INOX VIDRIO RECTO,"Gs. 3,540,500"
GRILL IMUSA AD TALENT MOD 0383700,"Gs. 126,500"
SARTEN IMUSA AD 24CM TALENT MASTER MOD 0374200,"Gs. 93,000"
OLLA A PRESION IMUSA 6L SMART MOD 0305300,"Gs. 272,500"
OLLA IMUSA AD 20CM 3L TV TALENT MOD 381900,"Gs. 114,000"
COCINA PROGAS MOD PM-400 4HORN SENCILLA 30x30 SIN HORNO,Gs. 0
Cocina Dallas 5 hornallas,"Gs. 1,357,000"
COCINA VOLCAN MOD 85852P ACERO INOXIDABLE,"Gs. 4,307,500"
COCINA INDUSTRIAL PROGAS 6H MOD PMS-600N C/OPCIÃN DE HORNO FSI-680,Gs. 0
COCINA AMERICANA VENANCIO A GAS MOD FA6F 6QUEMADORES ESTRELLA/HORNO,Gs. 0
Cocina Combinada  Euro 4H,"Gs. 1,233,500"
Cocina Eléctrica 2H,"Gs. 260,000"
Cocina a gas Euro 4 hornallas,"Gs. 1,572,500"
COCINA A GAS TOKYO IND. U HORNALLAS JZH-RQ-4,Gs. 0
COCINA WHIRLPOOL WFS5NARUUW 5H INOX,"Gs. 3,682,000"
Cocina Combinada Essencial 3H,"Gs. 1,581,500"
Cocina a Gas Dallas color blanco,"Gs. 632,000"
COCINA A GAS TOKYO DALLAS NEGRO 4H MESA INOX TAPA DE VIDRIO HORNO LIMPIA FACIL,"Gs. 597,000"
Cocina Petit de 4 hornallas,"Gs. 587,000"
COCINA PROGAS MOD PMS-600NFCH 6HORN C/PLANCHA Y CON OPCION DE HORNO,Gs. 0
COCINA AMERICANA VENANCIO A GAS MOD FA4F 4HORNALLAS,Gs. 0
Cocina Eléctrica  1Placa,"Gs. 165,500"
COCINA AMERICANA VENANCIO A GAS MOD FA6P 6HORNALLAS,Gs. 0
COCINA WHIRLPOOL WFD5NARRUW 5H INOX DOBLE HORNO,"Gs. 5,522,500"
COCINA PROGAS MOD PMS-400 4H 30*30CM SIN HORNO,Gs. 0
COCINA A GAS TOKYO DALLAS BLANCO 4H MESA INOX TAPA DE VIDRIO HORNO LIMPIA FACIL,"Gs. 597,000"
COCINA BRAVO 4HORN. VENANCIO MOD BR4BF C/HORNO,Gs. 0
COCINA VENANCIO 1 HORNALLA DE 40X40 CM QUEM DOBLE,Gs. 0
COCINA BRAVO 6HORNALLAS VENANCIO MOD BR6BF C/HORNO,Gs. 0
COCINA MAXI 2HORNALLAS VENANCIO MOD M2PD2,Gs. 0
COCINA PROGAS 2HORNALLAS MOD PM-200,Gs. 0
COCINA AMERICANA VENANCIO A GAS MOD FA4P 4HORNALLAS,Gs. 0
Cocina a Gas Bravo de 4 hornallas,"Gs. 1,050,500"
COCINA MAXI 6HORNALLAS VENANCIO MOD M6D,Gs. 0
G986 COCINA PROGAS 3HORNALLAS 40*40 DOBLE QUEMADOR C/ OPCION DE HORNO PMD-300NF,Gs. 0
ROBOT DE COCINA MOULINEX MOD. HF800A13 1550W,"Gs. 6,552,500"
Campana de Cocina ,"Gs. 1,879,000"
Campana de Cocina Inox Sita 4H,"Gs. 1,371,000"
Balanza de Cocina 5 kg,"Gs. 65,000"
"Balanza de cocina 1,7 kg","Gs. 177,500"
PURIFICADOR DE COCINA TOKYO SLIM 80CM BLANCO 220V 50HZ,"Gs. 661,500"
ENCENDEDOR DE CARBON TOKYO PARA COCINA DE USO DOMESTICO,"Gs. 94,500"
ACCESORIO TURBO CHEF PANTALLA DE COCINA MED 35.6CMx35.6CM MOD 100019,Gs. 0
HORNO PROGAS MOD FSI-500N PARA COCINAS-A GAS PMS200/PMSD201/PM400,Gs. 0
PLACA INFRARROJA TOKYO MOD TOKINFRA19 MAS OLLA 2000W 220V 50HZ,"Gs. 249,000"
SARTEN IMUSA AD 24CM TV I+R MOD 0127300,"Gs. 178,500"
Anafe a Inducción Odalisa 2H,"Gs. 1,711,000"
SARTEN IMUSA AD 18CM TV TALENT MOD 0380500,"Gs. 72,000"
SARTEN IMUSA AT 26CM TV TALENT MOD 0381100,"Gs. 116,000"
ANAFE ARISTON ELECTRICO HR611CA 4HOR VITROCERAMICO TOUCH,"Gs. 3,499,000"
SARTEN IMUSA AD 20CM TALENT MASTER MOD 0374100,"Gs. 75,000"
SARTEN IMUSA AD 20CM TV I+R MOD 0127100,"Gs. 149,000"
PURIFICADOR WHIRLPOOL ENP80BC 80CM INOX,"Gs. 981,500"
SARTEN IMUSA 24CM TALENT MOD 0381400,"Gs. 82,000"
JUEGO DE OLLAS IMUSA 7 PIEZAS A/A TV TALENT MASTER,"Gs. 561,500"
OLLA IMUSA CALDERO AF 26CM YV ORIG N7 MOD 8043500,"Gs. 224,500"
Placa Infrarroja 1H,"Gs. 199,500"
ANAFE ELECTRICO COMBINADA TOKYO 3H 2 VITROCERAMICA 1 INDUCCION MD TOK2V1I,"Gs. 1,344,000"
PLACA A INDUCCION TOKYO + OLLA-TOK19CB TOUCH CON TIMER 2200W 220V 50HZ,"Gs. 283,500"
SARTEN IMUSA 20CM TV TALENT MASTER MOD 0374600,"Gs. 115,000"
SARTEN IMUSA AD 24CM TALENT MOD 0380800,"Gs. 72,000"
Anafe Musa,"Gs. 2,655,000"
Placa Infrarroja Della,"Gs. 373,000"
SARTEN IMUSA AD 24CM TALENT MASTER MOD 0375200,"Gs. 127,000"
ANAFE VITROCERAMICA TOKYO MOD ODALISA 2HORN,"Gs. 1,059,500"
Anafe a Inducción Monalisa 4H,"Gs. 3,176,500"
ANAFE ELECTRICO COMBINADA TOKYO 4 H 2 VITROCERAMICA 2 INDUCCION MD TOK2V2I,"Gs. 1,771,000"
Anafe a Gas COOK 5H,"Gs. 1,062,500"
OLLA IMUSA AD 24CM 4.6L TV TALENT MOD 0382000,"Gs. 151,500"
ANAFE ELECTRICO TOKYO 4 HORNALLAS VITROCERAMICA MOD TOK4HVC,"Gs. 1,475,500"
SARTEN IMUSA AD 30CM TV TALENT MASTER MOD 0374900,"Gs. 196,000"
ANAFE WHIRLPOOL INDUCCION ACM806BA 4HOR VITROCERAMICO TOUCH,"Gs. 4,803,500"
OLLA A PRESION CLOCK 6LTS INOX MOD 0365 PARA INDUCCION,"Gs. 373,000"
BANO MARIA SUNNEX DOBLE ELECTRICO 4LTS C/U 220V,"Gs. 711,000"
OLLA IMUSA 24CM TV TALENT HC MOD 0382400,"Gs. 189,000"
SARTEN IMUSA AD 30CM TV I+R MOD-0127400,"Gs. 212,500"
Placa Infrarroja Dot ,"Gs. 212,500"
ANAFE WHIRLPOOL ELECTRICO AKM9010NE 4HORN VITROCERAMICO C/ PERILLAS,"Gs. 3,528,500"
OLLA IMUSA AD 24CM TV I+R MOD 127800,"Gs. 188,000"
SARTEN IMUSA AD 20CM TV TALENT MOD 0380700,"Gs. 75,500"
BAÃO MARIA MODULAR A GAS LINEA MAXI C/BASE,Gs. 0
COZEDOR DE PASTAS VENANCIO MOD CMV30 GABINETE 30LTS INOX,Gs. 0
SARTEN IMUSA AT 30CM TALENT MOD 0381200,"Gs. 109,500"
PURIFICADOR ESLABON DE LUJO MOD EAP80BW-80CM BLANCO,"Gs. 714,500"
PEROL IMUSA 10CM 0.5L TALENT HC MOD 0382500,"Gs. 35,500"
SARTEN IMUSA AD 30CM TALENT MASTER MOD 0374400,"Gs. 155,000"
PLACA A INDUCCION TOKYO + OLLA MOD TOK150I BORDE DE PLASTICO SIN TIMER 2200W,"Gs. 201,000"
Cocina Vitro 4H,"Gs. 3,800,000"
OLLA IMUSA AD 24CM 4.6L TV TALENT MASTER MOD 0375100,"Gs. 171,000"
OLLA IMUSA AD 20CM TV I+R MOD 0127600,"Gs. 168,000"
Placa Infrarroja 2H,"Gs. 348,500"
ANAFE WHIRLPOOL ELECTRICO AKT8090LX 4HOR VITROCERAMICO TOUCH,"Gs. 3,297,500"
CAMPANA WHIRLPOOL WPI91DE 90CM INOX VIDRIO RECTO,"Gs. 3,540,500"
GRILL IMUSA AD TALENT MOD 0383700,"Gs. 126,500"
SARTEN IMUSA AD 24CM TALENT MASTER MOD 0374200,"Gs. 93,000"
OLLA A PRESION IMUSA 6L SMART MOD 0305300,"Gs. 272,500"
OLLA IMUSA AD 20CM 3L TV TALENT MOD 381900,"Gs. 114,000"
COCINA PROGAS MOD PM-400 4HORN SENCILLA 30x30 SIN HORNO,Gs. 0
Cocina Dallas 5 hornallas,"Gs. 1,357,000"
COCINA VOLCAN MOD 85852P ACERO INOXIDABLE,"Gs. 4,307,500"
COCINA INDUSTRIAL PROGAS 6H MOD PMS-600N C/OPCIÃN DE HORNO FSI-680,Gs. 0
COCINA AMERICANA VENANCIO A GAS MOD FA6F 6QUEMADORES ESTRELLA/HORNO,Gs. 0
Cocina Combinada  Euro 4H,"Gs. 1,233,500"
Cocina Eléctrica 2H,"Gs. 260,000"
Cocina a gas Euro 4 hornallas,"Gs. 1,572,500"
COCINA A GAS TOKYO IND. U HORNALLAS JZH-RQ-4,Gs. 0
COCINA WHIRLPOOL WFS5NARUUW 5H INOX,"Gs. 3,682,000"
Cocina Combinada Essencial 3H,"Gs. 1,581,500"
Cocina a Gas Dallas color blanco,"Gs. 632,000"
COCINA A GAS TOKYO DALLAS NEGRO 4H MESA INOX TAPA DE VIDRIO HORNO LIMPIA FACIL,"Gs. 597,000"
Cocina Petit de 4 hornallas,"Gs. 587,000"
COCINA PROGAS MOD PMS-600NFCH 6HORN C/PLANCHA Y CON OPCION DE HORNO,Gs. 0
COCINA AMERICANA VENANCIO A GAS MOD FA4F 4HORNALLAS,Gs. 0
Cocina Eléctrica  1Placa,"Gs. 165,500"
COCINA AMERICANA VENANCIO A GAS MOD FA6P 6HORNALLAS,Gs. 0
COCINA WHIRLPOOL WFD5NARRUW 5H INOX DOBLE HORNO,"Gs. 5,522,500"
COCINA PROGAS MOD PMS-400 4H 30*30CM SIN HORNO,Gs. 0
COCINA A GAS TOKYO DALLAS BLANCO 4H MESA INOX TAPA DE VIDRIO HORNO LIMPIA FACIL,"Gs. 597,000"
COCINA BRAVO 4HORN. VENANCIO MOD BR4BF C/HORNO,Gs. 0
COCINA VENANCIO 1 HORNALLA DE 40X40 CM QUEM DOBLE,Gs. 0
COCINA BRAVO 6HORNALLAS VENANCIO MOD BR6BF C/HORNO,Gs. 0
COCINA MAXI 2HORNALLAS VENANCIO MOD M2PD2,Gs. 0
COCINA PROGAS 2HORNALLAS MOD PM-200,Gs. 0
COCINA AMERICANA VENANCIO A GAS MOD FA4P 4HORNALLAS,Gs. 0
Cocina a Gas Bravo de 4 hornallas,"Gs. 1,050,500"
COCINA MAXI 6HORNALLAS VENANCIO MOD M6D,Gs. 0
G986 COCINA PROGAS 3HORNALLAS 40*40 DOBLE QUEMADOR C/ OPCION DE HORNO PMD-300NF,Gs. 0
ROBOT DE COCINA MOULINEX MOD. HF800A13 1550W,"Gs. 6,552,500"
Campana de Cocina ,"Gs. 1,879,000"
Campana de Cocina Inox Sita 4H,"Gs. 1,371,000"
Balanza de Cocina 5 kg,"Gs. 65,000"
"Balanza de cocina 1,7 kg","Gs. 177,500"
PURIFICADOR DE COCINA TOKYO SLIM 80CM BLANCO 220V 50HZ,"Gs. 661,500"
ENCENDEDOR DE CARBON TOKYO PARA COCINA DE USO DOMESTICO,"Gs. 94,500"
ACCESORIO TURBO CHEF PANTALLA DE COCINA MED 35.6CMx35.6CM MOD 100019,Gs. 0
HORNO PROGAS MOD FSI-500N PARA COCINAS-A GAS PMS200/PMSD201/PM400,Gs. 0
PLACA INFRARROJA TOKYO MOD TOKINFRA19 MAS OLLA 2000W 220V 50HZ,"Gs. 249,000"
SARTEN IMUSA AD 24CM TV I+R MOD 0127300,"Gs. 178,500"
Anafe a Inducción Odalisa 2H,"Gs. 1,711,000"
SARTEN IMUSA AD 18CM TV TALENT MOD 0380500,"Gs. 72,000"
SARTEN IMUSA AT 26CM TV TALENT MOD 0381100,"Gs. 116,000"
ANAFE ARISTON ELECTRICO HR611CA 4HOR VITROCERAMICO TOUCH,"Gs. 3,499,000"
SARTEN IMUSA AD 20CM TALENT MASTER MOD 0374100,"Gs. 75,000"
SARTEN IMUSA AD 20CM TV I+R MOD 0127100,"Gs. 149,000"
PURIFICADOR WHIRLPOOL ENP80BC 80CM INOX,"Gs. 981,500"
SARTEN IMUSA 24CM TALENT MOD 0381400,"Gs. 82,000"
JUEGO DE OLLAS IMUSA 7 PIEZAS A/A TV TALENT MASTER,"Gs. 561,500"
OLLA IMUSA CALDERO AF 26CM YV ORIG N7 MOD 8043500,"Gs. 224,500"
Placa Infrarroja 1H,"Gs. 199,500"
ANAFE ELECTRICO COMBINADA TOKYO 3H 2 VITROCERAMICA 1 INDUCCION MD TOK2V1I,"Gs. 1,344,000"
PLACA A INDUCCION TOKYO + OLLA-TOK19CB TOUCH CON TIMER 2200W 220V 50HZ,"Gs. 283,500"
SARTEN IMUSA 20CM TV TALENT MASTER MOD 0374600,"Gs. 115,000"
SARTEN IMUSA AD 24CM TALENT MOD 0380800,"Gs. 72,000"
Anafe Musa,"Gs. 2,655,000"
Placa Infrarroja Della,"Gs. 373,000"
SARTEN IMUSA AD 24CM TALENT MASTER MOD 0375200,"Gs. 127,000"
ANAFE VITROCERAMICA TOKYO MOD ODALISA 2HORN,"Gs. 1,059,500"
Anafe a Inducción Monalisa 4H,"Gs. 3,176,500"
ANAFE ELECTRICO COMBINADA TOKYO 4 H 2 VITROCERAMICA 2 INDUCCION MD TOK2V2I,"Gs. 1,771,000"
Anafe a Gas COOK 5H,"Gs. 1,062,500"
OLLA IMUSA AD 24CM 4.6L TV TALENT MOD 0382000,"Gs. 151,500"
ANAFE ELECTRICO TOKYO 4 HORNALLAS VITROCERAMICA MOD TOK4HVC,"Gs. 1,475,500"
SARTEN IMUSA AD 30CM TV TALENT MASTER MOD 0374900,"Gs. 196,000"
ANAFE WHIRLPOOL INDUCCION ACM806BA 4HOR VITROCERAMICO TOUCH,"Gs. 4,803,500"
OLLA A PRESION CLOCK 6LTS INOX MOD 0365 PARA INDUCCION,"Gs. 373,000"
BANO MARIA SUNNEX DOBLE ELECTRICO 4LTS C/U 220V,"Gs. 711,000"
OLLA IMUSA 24CM TV TALENT HC MOD 0382400,"Gs. 189,000"
SARTEN IMUSA AD 30CM TV I+R MOD-0127400,"Gs. 212,500"
Placa Infrarroja Dot ,"Gs. 212,500"
ANAFE WHIRLPOOL ELECTRICO AKM9010NE 4HORN VITROCERAMICO C/ PERILLAS,"Gs. 3,528,500"
OLLA IMUSA AD 24CM TV I+R MOD 127800,"Gs. 188,000"
SARTEN IMUSA AD 20CM TV TALENT MOD 0380700,"Gs. 75,500"
BAÃO MARIA MODULAR A GAS LINEA MAXI C/BASE,Gs. 0
COZEDOR DE PASTAS VENANCIO MOD CMV30 GABINETE 30LTS INOX,Gs. 0
SARTEN IMUSA AT 30CM TALENT MOD 0381200,"Gs. 109,500"
PURIFICADOR ESLABON DE LUJO MOD EAP80BW-80CM BLANCO,"Gs. 714,500"
PEROL IMUSA 10CM 0.5L TALENT HC MOD 0382500,"Gs. 35,500"
SARTEN IMUSA AD 30CM TALENT MASTER MOD 0374400,"Gs. 155,000"
PLACA A INDUCCION TOKYO + OLLA MOD TOK150I BORDE DE PLASTICO SIN TIMER 2200W,"Gs. 201,000"
Cocina Vitro 4H,"Gs. 3,800,000"
OLLA IMUSA AD 24CM 4.6L TV TALENT MASTER MOD 0375100,"Gs. 171,000"
OLLA IMUSA AD 20CM TV I+R MOD 0127600,"Gs. 168,000"
Placa Infrarroja 2H,"Gs. 348,500"
ANAFE WHIRLPOOL ELECTRICO AKT8090LX 4HOR VITROCERAMICO TOUCH,"Gs. 3,297,500"
CAMPANA WHIRLPOOL WPI91DE 90CM INOX VIDRIO RECTO,"Gs. 3,540,500"
GRILL IMUSA AD TALENT MOD 0383700,"Gs. 126,500"
SARTEN IMUSA AD 24CM TALENT MASTER MOD 0374200,"Gs. 93,000"
OLLA A PRESION IMUSA 6L SMART MOD 0305300,"Gs. 272,500"
OLLA IMUSA AD 20CM 3L TV TALENT MOD 381900,"Gs. 114,000"
